station_cd,station_g_cd,station_name,lon,lat,e_status
1120514,1120514,,,,
2400701,1130208,新宿,,,
9930404,1131315,市ケ谷,,,
1132704,1132704,空港第２ビル（成田第２・第３旅客ターミナル）,,,
1132813,1132704,空港第２ビル（成田第２・第３旅客ターミナル）,,,
2300142,1132704,空港第２ビル（成田第２・第３旅客ターミナル）,,,
2300610,1132704,空港第２ビル（成田第２・第３旅客ターミナル）,,,
1132705,1132705,成田空港（成田第１旅客ターミナル）,,,
1132814,1132705,成田空港（成田第１旅客ターミナル）,,,
2300143,1132705,成田空港（成田第１旅客ターミナル）,,,
2300611,1132705,成田空港（成田第１旅客ターミナル）,,,
1141555,1141644,,,,
1141644,1141644,,,,
1141714,1141714,,,,
1150240,1150240,,137.028083,34.983526,
1160919,1160919,西川原（西川原・就実）,133.937874,34.679039,
1163122,1160919,西川原（西川原・就実）,133.937874,34.679039,
1161005,1161005,,133.765675,34.602069,
1170305,1161005,,133.765675,34.602069,
1160719,1160719,,135.51316,34.647675,
1162301,1160719,,135.51316,34.647675,
1162601,1160719,,135.51316,34.647675,
9961813,1160719,,135.51316,34.647675,
9961917,1160719,,135.51316,34.647675,
1162504,1162504,,,,
1162505,1162505,,,,
3200713,1162610,三国ケ丘,,,
1164106,1164106,,,,
1164111,1164111,,,,
1164113,1164113,,,,
1190341,1190341,,130.688889,32.79,
1192301,1190341,,130.688889,32.79,
1192401,1190341,,130.688889,32.79,
1190757,1190757,,,,
2100113,2100113,,,,
2100220,2100220,,,,
2100326,2100326,,,,
2300106,2300106,,,,
2300116,2300116,,,,
2300122,2300122,,,,
2300140,2300140,,,,
2300303,2300303,,,,
2300402,2300402,,,,
2300403,2300403,,,,
2300409,2300409,,,,
2400702,2400702,,,,
2400703,2400703,,,,
2500306,2500306,,,,
2500307,2500307,,,,
2600310,2600310,,,,
2600418,2600310,,,,
2600708,2600708,,,,
2600902,2600902,,,,
2700118,2700118,,,,
2700121,2700121,,,,
2700124,2700124,,,,
2700206,2700206,羽田空港第１・第２ターミナル,,,
2700207,2700207,羽田空港第３ターミナル,,,
2700504,2700504,,,,
2800105,2800105,,,,
2800108,2800108,,,,
2800809,2800108,,,,
2800207,2800207,,,,
2800306,2800306,,,,
2800315,2800315,,,,
2800512,2800315,,,,
9930308,2800315,,,,
2800322,2800322,,,,
2800509,2800509,,,,
2800518,2800518,,,,
2801015,2800518,,,,
2800519,2800519,,,,
2800602,2800602,,,,
2801002,2800602,,,,
2800603,2800603,,,,
2801003,2800603,,,,
2800616,2800616,,,,
2800804,2800616,,,,
2800913,2800616,,,,
2800619,2800619,,,,
2800620,2800620,,,,
2800810,2800810,,,,
3000136,3000136,,,,
3000801,3000136,,,,
3001501,3000136,,,,
3000150,3000150,,,,
3001419,3000150,,,,
3000205,3000205,,,,
3000409,3000409,,,,
3001520,3001520,,,,
3001601,3001520,,,,
3001605,3001605,,,,
3001611,3001611,,,,
3001707,3001707,,,,
3100301,3100301,,135.5150557,34.6454938,
3100505,3100505,,,,
3100547,3100547,,,,
3101701,3101701,,,,
3101708,3101708,,,,
3101804,3101804,,,,
3102002,3102002,,,,
3102518,3102518,,,,
3102520,3102520,,,,
3102521,3102521,,,,
3102601,3102601,,,,
3102701,3102701,,,,
3102705,3102705,,,,
3102711,3102711,,,,
3102712,3102712,,,,
3200114,3200114,,,,
3200401,3200114,,,,
3300111,3300111,,,,
3300112,3300112,,,,
3300501,3300501,,,,
3300603,3300603,,135.899653,34.979639,
3300609,3300609,,,,
3300615,3300615,,,,
3300702,3300702,,,,
3300802,3300802,,,,
3300803,3300803,,,,
3400101,3400101,,,,
3400201,3400101,,,,
3400326,3400101,,,,
3400301,3400301,,,,
3400311,3400311,,,,
3500101,3500101,,135.496444,34.700969,
3500103,3500103,,,,
3400116,3500132,,,,
3500132,3500132,,,,
9963001,3500132,,135.195104,34.693502,
9964602,3500132,,135.195104,34.693502,
9964801,3500132,,135.195104,34.693502,
3500210,3500210,,,,
9962205,3500210,,,,
3600403,3600403,,,,
9910119,9910119,,,,
9910206,9910206,,,,
9910307,9910206,,,,
9910403,9910403,,,,
9910503,9910503,アリーナ前,,,
9910603,9910503,アリーナ前,,,
9910517,9910517,,,,
9910617,9910517,,,,
9920101,9920101,,,,
9920301,9920301,,,,
1121329,9920811,,,,
1121328,9920812,,,,
1121327,9920813,,,,
1121326,9920814,,,,
1121325,9920815,,,,
1121324,9920816,,,,
1121323,9920817,,,,
1121322,9920818,,,,
1121321,9920819,,,,
1121320,9920821,,,,
1121319,9920823,,,,
9921410,9921410,,,,
9921807,9921410,,,,
9930108,9930108,,,,
9930312,9930108,,,,
9930110,9930110,,,,
9930204,9930204,,,,
9930212,9930212,,,,
9930215,9930215,,,,
9930407,9930407,,,,
9930409,9930409,,,,
9930506,9930506,,,,
9930516,9930516,,,,
9930523,9930523,,,,
9930525,9930525,,,,
9930527,9930527,,,,
9931901,9931901,,,,
9932608,9932608,,,,
9932920,9932920,,,,
9933302,9933302,,,,
9933401,9933401,,,,
9933609,9933609,羽田空港第１ターミナル,,,
9933610,9933610,羽田空港第２ターミナル,,,
9933611,9933611,羽田空港第３ターミナル,,,
9933809,9933809,,,,
9934501,9934501,,,,
9940801,9940801,,,,
9941001,9940801,,,,
9940822,9940822,,,,
9940841,9940841,,,,
9941201,9941201,,,,
9941301,9941301,,,,
9941313,9941313,,,,
9942211,9941313,,,,
9941322,9941322,,,,
9941501,9941322,,,,
9942214,9941322,,,,
9941401,9941401,,,,
9941603,9941603,,,,
9941701,9941701,,,,
9942120,9942120,,,,
9942601,9942601,,,,
9942602,9942602,,,,
9950601,9950601,,,,
9950902,9950902,,,,
9951103,9951103,,,,
9951121,9951121,,,,
9951310,9951310,,,,
9951409,9951310,,,,
9952001,9952001,,,,
9952101,9952101,,,,
9952304,9952304,,,,
9952901,9952901,,,,
9960501,9960501,,,,
9961009,9961009,,,,
9961111,9961111,,,,
9961201,9961201,,,,
9961804,9961804,,,,
9961806,9961806,,135.497707,34.703184,
9961810,9961810,,,,
9962005,9961810,,,,
9962206,9961810,,,,
9961812,9961812,,,,
9962309,9961812,,,,
9961820,9961820,,,,
9961910,9961910,,,,
9961911,9961911,,,,
9962303,9961911,,,,
9962001,9962001,,,,
9962002,9962002,,,,
9962113,9962113,,,,
9962201,9962201,,135.4748237,34.6942884,
9962202,9962202,,,,
3500210,9962205,,,,
9962205,9962205,,,,
9962207,9962207,,,,
9962307,9962207,,,,
9962302,9962302,,,,
9962402,9962402,,,,
9962801,9962801,,,,
9962811,9962811,,,,
9962902,9962902,,,,
9962909,9962909,,,,
9962911,9962911,,,,
9962913,9962913,,,,
9962930,9962930,,,,
9963706,9963706,,,,
9963708,9963708,,,,
9963711,9963711,,,,
9963713,9963713,,,,
9963717,9963717,,,,
9963743,9963743,,,,
9964605,9964605,,,,
9964707,9964707,,,,
9964710,9964710,,,,
9965207,9965207,,,,
9970201,9970201,,,,
9970401,9970401,,133.765075,34.600997,
9970601,9970601,,,,
9970701,9970601,,,,
9970801,9970801,,,,
9971001,9971001,,,,
9971101,9971001,,,,
9971301,9971001,,,,
9971401,9971001,,,,
9971120,9971120,,,,
9971229,9971120,,,,
9971126,9971126,,,,
9971129,9971129,,,,
9971133,9971133,,,,
9971135,9971135,,,,
9971139,9971139,,,,
9971141,9971141,,132.3049458,34.3117346,
9971320,9971320,,,,
9971501,9971501,,,,
9971601,9971501,,,,
9980101,9980101,,,,
9980201,9980201,,,,
9980301,9980201,,,,
9980221,9980221,,,,
9980412,9980412,,,,
9980416,9980416,,,,
9980512,9980512,,,,
9980801,9980801,,,,
9980901,9980801,,,,
9981001,9980801,,,,
9981216,9980801,,,,
9980805,9980805,,,,
9980919,9980805,,,,
9981101,9980805,,,,
9981205,9981205,,,,
9981711,9981711,,,,
9981821,9981821,,,,
9981832,9981832,,,,
9981901,9981901,,,,
9990103,9990103,,,,
9990901,9990901,,,,
9991303,9991303,,,,
9991422,9991303,,,,
9991313,9991313,,,,
9991412,9991313,,,,
9991318,9991318,,,,
9991407,9991318,,,,
9992112,9992112,,,,
9992116,9992116,,,,
9992203,9992203,,,,
9992216,9992216,,,,
9992318,9992216,,,,
9992301,9992301,,,,
9992501,9992501,,,,
9992601,9992501,,,,
9992525,9992516,,,,
9992518,9992518,,,,
9992521,9992521,,,,
9992611,9992611,,,,
9992618,9992618,,,,
9992801,9992801,,,,
1111116,,,,,9
1111314,,,,,9
1111804,,,,,9
1120608,,,,,9
1121711,,,,,9
1121713,,,,,9
1142002,,,,,9
1161605,,,,,9
3000312,,,,,9
3000314,,,,,9
3000909,,,,,9
3000919,,,,,9
3001402,,,,,9
3001902,,,,,9
3001903,,,,,9
3600411,,,,,9
3600412,,,,,9
3600413,,,,,9
3600414,,,,,9
3600415,,,,,9
3600416,,,,,9
9910702,,,,,9
9910703,,,,,9
9910704,,,,,9
9910705,,,,,9
9910706,,,,,9
9910707,,,,,9
9910708,,,,,9
9910709,,,,,9
9910710,,,,,9
9910711,,,,,9
9910712,,,,,9
9910713,,,,,9
9910714,,,,,9
9910715,,,,,9
9910716,,,,,9
9910717,,,,,9
9910718,,,,,9
9910719,,,,,9
9910720,,,,,9
9910721,,,,,9
9910722,,,,,9
9910723,,,,,9
9910724,,,,,9
9910725,,,,,9
9910726,,,,,9
9910727,,,,,9
9910728,,,,,9
9910729,,,,,9
9910730,,,,,9
9910731,,,,,9
9910732,,,,,9
9921202,,,,,9
9921203,,,,,9
9921204,,,,,9
9921205,,,,,9
9921206,,,,,9
9921207,,,,,9
9921208,,,,,9
9921209,,,,,9
9921210,,,,,9
9921211,,,,,9
9921212,,,,,9
9921213,,,,,9
9921214,,,,,9
9921215,,,,,9
9921216,,,,,9
9932201,,,,,9
9932202,,,,,9
9932203,,,,,9
9932204,,,,,9
9932205,,,,,9
9932206,,,,,9
9932207,,,,,9
9932208,,,,,9
9932209,,,,,9
9932210,,,,,9
9932211,,,,,9
9932212,,,,,9
9932213,,,,,9
9932214,,,,,9
9932215,,,,,9
9932216,,,,,9
9934402,,,,,9
9934403,,,,,9
9934404,,,,,9
9934405,,,,,9
9934406,,,,,9
9941102,,,,,9
9941103,,,,,9
9941104,,,,,9
9941105,,,,,9
9941106,,,,,9
9941107,,,,,9
9941108,,,,,9
9941617,,,,,9
9941618,,,,,9
9951903,,,,,9
9951904,,,,,9
9951905,,,,,9
9951906,,,,,9
9951907,,,,,9
9963205,,,,,9
9963216,,,,,9
9991225,,,,,9
9991226,,,,,9
9991227,,,,,9
9991228,,,,,9
9991229,,,,,9
9991230,,,,,9
9991231,,,,,9
9991232,,,,,9
9991233,,,,,9
9991234,,,,,9
9991235,,,,,9
9991236,,,,,9
9991237,,,,,9
9991238,,,,,9
9991239,,,,,9
9991240,,,,,9
9991241,,,,,9
9991242,,,,,9
9991243,,,,,9
9991244,,,,,9
1000207,1000207,新富士,138.6633,35.142,0
1000214,1000214,岐阜羽島,136.6855,35.3158,0
1000309,1000309,新尾道,133.1903,34.43,0
1000311,1000311,東広島,132.7597,34.3893,0
1000313,1000313,新岩国,132.1498,34.165,0
1000410,1000410,白石蔵王,140.633,37.9955,0
1000413,1000413,くりこま高原,141.0718,38.7491,0
1000415,1000415,水沢江刺,141.1887,39.1453,0
1000422,1000422,七戸十和田,141.154,40.7198,0
1000505,1000505,本庄早稲田,139.1795,36.2188,0
1000507,1000507,上毛高原,138.9776,36.6932,0
1000602,1000602,ガーラ湯沢,138.7995,36.9508,0
1000902,1000902,安中榛名,138.8494,36.3624,0
1000910,1000910,黒部宇奈月温泉,137.481113,36.874106,0
1000918,1000918,越前たけふ,136.198801,35.895669,0
1001005,1001005,新大牟田,130.4887,33.0712,0
1001006,1001006,新玉名,130.5735,32.9425,0
1001202,1001202,嬉野温泉,129.998972,33.106556,0
1050102,1050102,台町,139.232194,35.370028,1
1050103,1050103,大竹,139.234722,35.360278,1
1050104,1050104,上井ノ口,139.232222,35.343056,1
1050105,1050105,下井ノ口,139.235278,35.331111,1
1050106,1050106,一色,139.242028,35.318972,1
1050107,1050107,中里,139.249389,35.308528,1
1050108,1050108,二宮,139.258104,35.29988,1
1070102,1070102,上灘,133.841489,35.439606,1
1070103,1070103,打吹,133.824397,35.434458,1
1070104,1070104,西倉吉,133.804764,35.427211,1
1070105,1070105,小鴨,133.799347,35.410144,1
1070106,1070106,上小鴨,133.786675,35.398164,1
1070107,1070107,関金,133.755553,35.370772,1
1070108,1070108,泰久寺,133.724147,35.366094,1
1070109,1070109,山守,133.709267,35.360681,1
1080102,1080102,犬伏,134.452139,34.141028,1
1080103,1080103,羅漢,134.433083,34.134111,1
1080104,1080104,神宅,134.415028,34.130806,1
1080105,1080105,鍛冶屋原,134.400472,34.119556,1
1090102,1090102,御手洗,130.451583,33.606694,1
1090103,1090103,上亀山,130.459639,33.602194,1
1090104,1090104,志免,130.483917,33.590611,1
1090105,1090105,下宇美,130.506139,33.572972,1
1090107,1090107,筑前勝田,130.528472,33.555194,1
1090202,1090202,薩摩白浜,130.322639,31.855944,1
1090203,1090203,楠元,130.336167,31.860639,1
1090204,1090204,吉野山,130.36,31.838056,1
1090205,1090205,樋脇,130.380861,31.820028,1
1090206,1090206,上樋脇,130.402111,31.825361,1
1090207,1090207,入来,130.429944,31.822667,1
1090208,1090208,薩摩山崎,130.450556,31.858,1
1090209,1090209,船木,130.450667,31.882167,1
1090210,1090210,宮之城,130.456917,31.905361,1
1090211,1090211,佐志,130.483556,31.91875,1
1090212,1090212,薩摩湯田,130.473306,31.931833,1
1090213,1090213,薩摩鶴田,130.493111,31.942833,1
1090214,1090214,薩摩求名,130.526694,31.935194,1
1090215,1090215,広橋,130.544111,31.923806,1
1090216,1090216,薩摩永野,130.58825,31.92475,1
1090217,1090217,針持,130.580833,31.979778,1
1090218,1090218,西太良,130.603722,32.008028,1
1090219,1090219,羽月,130.596583,32.032028,1
1090220,1090220,薩摩大口,130.609028,32.060972,1
1110345,1110345,神居古潭,142.202222,43.732833,1
1120826,1120826,八幡大橋（東陵高校）,141.5853,38.920961,1
1120827,1120827,唐桑大沢,141.631468,38.961773,1
1120828,1120828,長部,141.618654,38.986106,1
1120829,1120829,陸前今泉,141.613479,39.004123,1
1120830,1120830,奇跡の一本松,141.627136,39.007863,1
1120831,1120831,栃ヶ沢公園,141.625435,39.026987,1
1120832,1120832,まちなか陸前高田,141.630299,39.015482,1
1120833,1120833,高田高校前,141.640222,39.016277,1
1120834,1120834,高田病院,141.641612,39.025503,1
1120835,1120835,西下,141.688575,39.001383,1
1120836,1120836,碁石海岸口,141.711052,39.002755,1
1120837,1120837,大船渡丸森,141.712633,39.028715,1
1120838,1120838,大船渡魚市場前,141.72075,39.051278,1
1120839,1120839,地ノ森,141.718184,39.071678,1
1120840,1120840,田茂山,141.713408,39.080181,1
1122424,1122424,志津川中央団地,141.450737,38.683802,1
1122425,1122425,岩月,141.584076,38.862278,1
1122426,1122426,赤岩港,141.582467,38.884379,1
1122427,1122427,気仙沼市立病院,141.565669,38.887592,1
1122428,1122428,南三陸町役場・病院前,141.462452,38.678771,1
2100256,2100256,中千住,139.805,35.745972,1
2200132,2200132,上り屋敷,139.704778,35.725278,1
2201109,2201109,東国分寺,139.478056,35.707611,1
2300144,2300144,西千住,139.793167,35.744333,1
2300145,2300145,博物館動物園,139.773472,35.718639,1
5942802,5942802,東鯖江,136.188611,35.947306,1
5942803,5942803,越前平井,136.164611,35.961667,1
5942804,5942804,川去,136.145972,35.963083,1
5942805,5942805,西田中,136.131083,35.972583,1
5942806,5942806,佐々生,136.12125,35.954139,1
5942807,5942807,陶の谷,136.113639,35.938528,1
5942809,5942809,樫津,136.08725,35.941,1
5942810,5942810,下江波,136.074583,35.941833,1
5942811,5942811,江波,136.063944,35.939472,1
5942812,5942812,矢倉,136.059444,35.949139,1
5942813,5942813,織田,136.058806,35.958556,1
5971901,5971901,下津井,133.789556,34.439,1
5971902,5971902,東下津井,133.802222,34.441528,1
5971903,5971903,鷲羽山,133.806556,34.440028,1
5971904,5971904,琴海,133.80825,34.447833,1
5971905,5971905,阿津,133.8037,34.45546,1
5971906,5971906,備前赤崎,133.79984,34.45876,1
5971907,5971907,児島,133.802167,34.467194,1
5971908,5971908,児島小川,133.799912,34.480999,1
5971909,5971909,柳田,133.798704,34.48819,1
5971910,5971910,稗田,133.804299,34.499194,1
5971911,5971911,福田,133.797962,34.52706,1
5971912,5971912,林,133.814749,34.542701,1
5971913,5971913,藤戸,133.819733,34.557518,1
5971914,5971914,天城,133.816706,34.562224,1
9922002,5922002,西千曳,141.1314,40.810189,1
9922003,9922003,後平,141.150542,40.79115,1
9922004,9922004,坪,141.146819,40.777347,1
9922005,9922005,坪川,141.147997,40.768217,1
9922006,9922006,道ノ上,141.152697,40.751256,1
9922007,9922007,天間林,141.157133,40.743481,1
9922008,9922008,中野,141.163631,40.735197,1
9922009,9922009,営農大学校前,141.159022,40.721156,1
9922010,9922010,盛田牧場前,141.168561,40.713086,1
9922011,9922011,七戸,141.165169,40.696633,1
9922106,9922106,羽後里見,140.449694,39.280611,1
9922110,9922110,羽後大森,140.422194,39.338722,1
9922202,9922202,羽後山田,140.465028,39.164722,1
9922204,9922204,羽後三輪,140.438083,39.193722,1
9934601,9934601,東園,139.770139,35.715833,1
9934602,9934602,西園,139.769722,35.714306,1
9934701,9934701,居切,140.650556,35.929972,1
9934702,9934702,鹿島港南,140.691111,35.878611,1
9934801,9934801,武蔵横山,139.301472,35.652028,1
9934802,9934802,多摩御陵前,139.289861,35.650111,1
9934901,9934901,昌平橋,139.768583,35.698278,1
9941516,9941516,富山駅北,137.214003,36.70249,1
9965602,9965602,福知山西,135.117472,35.303528,1
9965603,9965603,下川停留所,135.109778,35.330028,1
9965604,9965604,上天津,135.108139,35.340333,1
9965605,9965605,下天津,135.113306,35.357472,1
9965606,9965606,公庄,135.127944,35.371556,1
9965607,9965607,蓼原停留所,135.141278,35.383139,1
9965608,9965608,河守,135.146444,35.389,1
9981301,9981301,伊予立花,132.773328,33.827558,1
9981302,9981302,石井,132.78025,33.809278,1
9981303,9981303,森松,132.788889,33.790417,1
9992901,9992901,嘉手納,127.755194,26.36275,1
9992902,9992902,城間,127.710278,26.258111,1
9992903,9992903,与儀,127.691917,26.208861,1
